Entity,Code,Year,total_damages_pct_gdp_temperature,total_damages_pct_gdp_wildfire,total_damages_pct_gdp_storm,total_damages_pct_gdp_landslide,total_damages_pct_gdp_mass_movement,total_damages_pct_gdp_volcanic,total_damages_pct_gdp_earthquake,total_damages_pct_gdp_flood,total_damages_pct_gdp_drought
Afghanistan,AFG,1960,0,0,0,0,0,0,0,0,0.001419558
Afghanistan,AFG,1970,0,0,0,0,0,0,0,0.157575752,0
Afghanistan,AFG,1980,0,0,0,0,0,0,0,0,0
Afghanistan,AFG,1990,0,0,0,0,0,0,0,0,0
Afghanistan,AFG,2000,0,0,0.008052648,0,0,0,0.0000805,0.01607835,0
Afghanistan,AFG,2010,0,0,0,0.001506999,0,0,0,0.001464494,0.079756046
Africa,,1960,0,0,0.002294295,0,0,0,0.044271497,0.07392516,0.030305845
Africa,,1970,0,0,0.041838774,0,0,0,0,0.015677893,0.025462203
Africa,,1980,0,0,0.035870865,0,0,0,0.149832672,0.020853581,0.001605678
Africa,,1990,0.000921609,0,0.015170016,0,0,0,0.026343433,0.014508573,0.040504472
Africa,,2000,0.0000125,0.002572909,0.006820593,0,0,0.000140596,0.071912522,0.035004818,0
Africa,,2010,0,0.001886192,0.01584802,0.000254132,0,0,0.002084165,0.017316995,0.015795952
Albania,ALB,1960,0,0,0,0,0,0,0,0,0
Albania,ALB,1970,0,0,0,0,0,0,0,0,0
Albania,ALB,1980,0,0,0,0,0,0,0,0,0
Albania,ALB,1990,0,0,0,0,0,0,0,0.107333156,0
Albania,ALB,2000,0,0,0,0,0,0,0,0.040488531,0
Albania,ALB,2010,0,0,0,0,0,0,0.487354537,0.006835798,0
Algeria,DZA,1960,0,0,0,0,0,0,0.006377025,0.065285892,0
Algeria,DZA,1970,0,0,0,0,0,0,0,0.034193911,0
Algeria,DZA,1980,0,0,0,0,0,0,1.228290406,0,0
Algeria,DZA,1990,0,0,0,0,0,0,0.012526353,0.000187488,0
Algeria,DZA,2000,0,0,0,0,0,0,0.736769376,0.079410729,0
Algeria,DZA,2010,0,0,0,0,0,0,0,0.038947468,0
American Samoa,ASM,1960,0,0,0,0,0,0,0,0,0
American Samoa,ASM,1970,0,0,0,0,0,0,0,0,0
American Samoa,ASM,1980,0,0,0,0,0,0,0,0,0
American Samoa,ASM,1990,0,0,0,0,0,0,0,0,0
American Samoa,ASM,2000,0,0,2.946954813,0,0,0,0,0.954198473,0
Angola,AGO,1980,0,0,0,0,0,0,0,0,0
Angola,AGO,1990,0,0,0,0,0,0,0,0,0
Angola,AGO,2000,0,0,0,0,0,0,0,0.01095334,0
Angola,AGO,2010,0,0,0,0,0,0,0,0.000163768,0
Anguilla,AIA,1960,0,0,0,0,0,0,0,0,0
Anguilla,AIA,1970,0,0,0,0,0,0,0,0,0
Anguilla,AIA,1980,0,0,0,0,0,0,0,0,0
Anguilla,AIA,1990,0,0,0,0,0,0,0,0,0
Anguilla,AIA,2000,0,0,0,0,0,0,0,0,0
Anguilla,AIA,2010,0,0,0,0,0,0,0,0,0
Antigua and Barbuda,ATG,1960,0,0,0,0,0,0,0,0,0
Antigua and Barbuda,ATG,1970,0,0,0,0,0,0,0,0,0
Antigua and Barbuda,ATG,1980,0,0,1.82317571,0,0,0,0,0,0
Antigua and Barbuda,ATG,1990,0,0,7.436792165,0,0,0,0,0,0
Antigua and Barbuda,ATG,2000,0,0,0,0,0,0,0,0,0
Antigua and Barbuda,ATG,2010,0,0,1.812712269,0,0,0,0,0,0
Argentina,ARG,1960,0,0,0,0,0,0,0,0.011715119,0
Argentina,ARG,1970,0,0,0,0,0,0,0.01408922,0.007915347,0
Argentina,ARG,1980,0,0.009000414,0.000900041,0,0,0,0,0.384981277,0
Argentina,ARG,1990,0,0,0.002112004,0,0,0,0,0.105213141,0
Argentina,ARG,2000,0,0,0.00055825,0.000450483,0,0,0,0.120448365,0.009405347
Argentina,ARG,2010,0,0,0.000545215,0,0,0.001961661,0,0.042699743,0.065684363
Armenia,ARM,1960,0,0,0,0,0,0,0,0,0
Armenia,ARM,1970,0,0,0,0,0,0,0,0,0
Armenia,ARM,1980,0,0,0,0,0,0,0,0,0
Armenia,ARM,1990,0,0,0,0,0,0,0.203312922,0.049429261,0
Armenia,ARM,2000,0,0,0,0,0,0,0,0,0.523131934
Armenia,ARM,2010,0,0,0.055412244,0,0,0,0,0,0
Asia,,1960,0,0,0.018803694,0,0,0.000493874,0.047067006,0.019138535,0.004545394
Asia,,1970,0,0.0000532,0.036930297,0.000796646,0,0.000152036,0.054407117,0.047649861,0.003800041
Asia,,1980,0.000501391,0.00027777,0.02964484,0.000149099,0.00000246,0.001344754,0.008516206,0.057662199,0.00198181
Asia,,1990,0.001599179,0.014137383,0.08569392,0.002026929,0,0.000414722,0.179704627,0.190576088,0.024208615
Asia,,2000,0.0132873,0.0000108,0.077585164,0.000359639,0,0.00000543,0.11191155,0.068964802,0.009595127
Asia,,2010,0.00076955,0.000706567,0.060235279,0.000736034,0.00000314,0.000151457,0.109970241,0.103453443,0.01010107
Australia,AUS,1960,0,0.022840822,0,0,0,0,0.000795947,0,0.197384128
Australia,AUS,1970,0,0.002550394,0.282481111,0,0,0,0,0.025223958,0
Australia,AUS,1980,0,0.026169616,0.031675173,0,0,0,0.033414419,0.018185333,0.339670067
Australia,AUS,1990,0,0.004809467,0.109340053,0,0,0,0,0.026982127,0.060710034
Australia,AUS,2000,0,0.02600538,0.029302314,0,0,0,0,0.052120107,0.050677944
Australia,AUS,2010,0,0.021538482,0.103926583,0,0,0,0,0.086012484,0.008374742
Austria,AUT,1960,0,0,0,0,0,0,0,0,0
Austria,AUT,1970,0,0,0,0,0,0,0,0,0
Austria,AUT,1980,0,0,0,0,0,0,0,0,0
Austria,AUT,1990,0,0,0.016780245,0.001914028,0,0,0,0.014634736,0
Austria,AUT,2000,0.010699438,0,0.035656126,0,0,0,0,0.139628023,0
Austria,AUT,2010,0,0,0.0000288,0,0,0,0,0.023252083,0
Azerbaijan,AZE,1960,0,0,0,0,0,0,0,0,0
Azerbaijan,AZE,1970,0,0,0,0,0,0,0,0,0
Azerbaijan,AZE,1980,0,0,0,0,0,0,0,0,0
Azerbaijan,AZE,1990,0,0,0,0,0,0,0.010913618,0.130111024,0
Azerbaijan,AZE,2000,0,0,0,0,0,0,0.018965261,0.075583153,0.189652614
Azerbaijan,AZE,2010,0,0,0,0,0,0,0,0,0
Bahamas,BHS,1960,0,0,0.542278009,0,0,0,0,0,0
Bahamas,BHS,1970,0,0,0,0,0,0,0,0,0
Bahamas,BHS,1980,0,0,0,0,0,0,0,0,0
Bahamas,BHS,1990,0,0,1.390925991,0,0,0,0,0,0
Bahamas,BHS,2000,0,0,2.07237763,0,0,0,0,0,0
Bahamas,BHS,2010,0,0,3.125073666,0,0,0,0,0.042579766,0
Bangladesh,BGD,1960,0,0,0.263467638,0,0,0,0,0.277282363,0
Bangladesh,BGD,1970,0,0,0.148083671,0,0,0,0,0.490698823,0
Bangladesh,BGD,1980,0,0,0.028071814,0,0,0,0,1.321937545,0
Bangladesh,BGD,1990,0,0,0.823599677,0,0,0,0,1.059158169,0
Bangladesh,BGD,2000,0,0,0.315248695,0,0,0,0.076794836,0.445902714,0
Bangladesh,BGD,2010,0,0,0.030878554,0,0,0,0,0.045707662,0
Barbados,BRB,1960,0,0,0,0,0,0,0,0,0
Barbados,BRB,1970,0,0,0,0,0,0,0,0,0
Barbados,BRB,1980,0,0,0.60154498,0,0,0,0,0,0
Barbados,BRB,1990,0,0,0,0,0,0,0,0,0
Barbados,BRB,2000,0,0,0.015159706,0,0,0,0,0,0
Barbados,BRB,2010,0,0,0,0,0,0,0,0,0
Belarus,BLR,1990,0,0,0.023389581,0,0,0,0,0.003604088,0
Belarus,BLR,2000,0.023785391,0,0.002208607,0,0,0,0,0,0
Belarus,BLR,2010,0,0,0,0,0,0,0,0,0
Belgium,BEL,1960,0,0,0,0,0,0,0,0,0
Belgium,BEL,1970,0,0,0,0,0,0,0,0,0
Belgium,BEL,1980,0,0,0,0,0,0,0.005734982,0,0
Belgium,BEL,1990,0,0,0.053174448,0,0,0,0.00425927,0.001143296,0
Belgium,BEL,2000,0,0,0.009762305,0,0,0,0,0,0
Belgium,BEL,2010,0,0,0.005220943,0,0,0,0,0.004951554,0
Belize,BLZ,1960,0,0,20.0237811,0,0,0,0,0,0
Belize,BLZ,1970,0,0,0.82774084,0,0,0,0,0,0
Belize,BLZ,1980,0,0,0,0,0,0,0,0,0
Belize,BLZ,1990,0.054600194,0,0.000725542,0,0,0,0,0.061445881,0
Belize,BLZ,2000,0,0,6.330318432,0,0,0,0,0.071758475,0
Belize,BLZ,2010,0,0,0,0,0,0,0,0,0
Benin,BEN,1960,0,0,0,0,0,0,0,0,0
Benin,BEN,1970,0,0,0,0,0,0,0,0.005994705,0
Benin,BEN,1980,0,0,0,0,0,0,0,0.045901709,0.004632623
Benin,BEN,1990,0,0,0,0,0,0,0,0.014872823,0
Benin,BEN,2000,0,0,0,0,0,0,0,0,0
Benin,BEN,2010,0,0,0,0,0,0,0,0,0
Bermuda,BMU,1960,0,0,0,0,0,0,0,0,0
Bermuda,BMU,1970,0,0,0,0,0,0,0,0,0
Bermuda,BMU,1980,0,0,0.417675986,0,0,0,0,0,0
Bermuda,BMU,1990,0,0,0,0,0,0,0,0,0
Bermuda,BMU,2000,0,0,0.716584757,0,0,0,0,0,0
Bhutan,BTN,1990,0,0.087660243,0,0,0,0,0,0,0
Bhutan,BTN,2000,0,0,0,0,0,0,0,0,0
Bhutan,BTN,2010,0,0,0,0,0,0,0,0,0
Bolivia,BOL,1960,0,0,0,0,0,0,0,0.045858218,0
Bolivia,BOL,1970,0,0,0,0,0,0,0,0.080978397,0
Bolivia,BOL,1980,0,0,0,0,0,0,0,0.931459223,1.7967611
Bolivia,BOL,1990,0,0,0,0.708730615,0,0,0,0.442685878,0
Bolivia,BOL,2000,0,0,0,0,0,0,0,0.756603821,0
Bolivia,BOL,2010,0,0,0,0.060613062,0,0,0,0.009161601,0.183474059
Bosnia and Herzegovina,BIH,1990,0,0,0,0,0,0,0,0,0
Bosnia and Herzegovina,BIH,2000,0,0,0,0,0,0,0,0,0.454231983
Bosnia and Herzegovina,BIH,2010,0,0,0,0,0,0,0,0.285897058,0
Botswana,BWA,1960,0,0,0,0,0,0,0,0,0.150947368
Botswana,BWA,1970,0,0,0,0,0,0,0,0.003040126,0.207802756
Botswana,BWA,1980,0,0,0,0,0,0,0,0,0
Botswana,BWA,1990,0,0,0,0,0,0,0,0,0
Botswana,BWA,2000,0,0,0,0,0,0,0,0.008638071,0
Botswana,BWA,2010,0,0,0,0,0,0,0,0,0.03051192
Brazil,BRA,1960,0,0,0,0.00000998,0,0,0,0.037087595,0
Brazil,BRA,1970,0.048500917,0,0,0,0,0,0,0.046056325,0.114564887
Brazil,BRA,1980,0,0,0,0,0,0,0.000186472,0.155152067,0.029200289
Brazil,BRA,1990,0.008510837,0.0004168,0.001630497,0,0,0,0,0.000727785,0.00141249
Brazil,BRA,2000,0,0,0.005229211,0.00223067,0,0,0,0.017276463,0.024651996
Brazil,BRA,2010,0,0,0.000375056,0,0,0,0,0.013060746,0.026280853
British Virgin Islands,VGB,1990,0,0,0,0,0,0,0,0,0
British Virgin Islands,VGB,2000,0,0,0,0,0,0,0,0,0
British Virgin Islands,VGB,2010,0,0,0,0,0,0,0,0,0
Brunei,BRN,1990,0,0.004936873,0,0,0,0,0,0,0
Bulgaria,BGR,1960,0,0,0,0,0,0,0,0,0
Bulgaria,BGR,1970,0,0,0,0,0,0,0,0,0
Bulgaria,BGR,1980,0,0,0,0,0,0,0,0,0
Bulgaria,BGR,1990,0,0,0,0,0,0,0,0,0
Bulgaria,BGR,2000,0.0000377,0.013839836,0,0,0,0,0,0.153609638,0
Bulgaria,BGR,2010,0,0,0.095778716,0,0,0,0,0.06997116,0
Burkina Faso,BFA,1960,0,0,0,0,0,0,0,0,0
Burkina Faso,BFA,1970,0,0,0,0,0,0,0,0,0
Burkina Faso,BFA,1980,0,0,0,0,0,0,0,0,0
Burkina Faso,BFA,1990,0,0,0,0,0,0,0,0,0
Burkina Faso,BFA,2000,0,0,0,0,0,0,0,0.158718447,0
Burkina Faso,BFA,2010,0,0,0,0,0,0,0,0.026373874,0
Burundi,BDI,1980,0,0,0,0,0,0,0,0,0
Burundi,BDI,1990,0,0,0,0,0,0,0,0,0
Burundi,BDI,2000,0,0,0,0,0,0,0,0,0
Burundi,BDI,2010,0,0,0,0,0,0,0,0.049267692,0
Cambodia,KHM,1980,0,0,0,0,0,0,0,0,0
Cambodia,KHM,1990,0,0,0.000029,0,0,0,0,0.005699099,0.358238649
Cambodia,KHM,2000,0,0,0,0,0,0,0,0.476914032,0.088701558
Cambodia,KHM,2010,0,0,0,0,0,0,0,0.797899131,0
Cameroon,CMR,1970,0,0,0,0,0,0,0,0,0.012126688
Cameroon,CMR,1980,0,0,0,0,0,0,0,0,0
Cameroon,CMR,1990,0,0,0,0,0,0,0,0,0
Cameroon,CMR,2000,0,0,0,0,0,0,0,0,0
Cameroon,CMR,2010,0,0,0,0,0,0,0,0.00068722,0
Canada,CAN,1960,0,0,0,0,0,0,0,0,0
Canada,CAN,1970,0,0,0.000143815,0,0,0,0,0.007329316,0.141768898
Canada,CAN,1980,0,0.074328916,0.011931483,0,0,0,0,0.00708281,0.044104632
Canada,CAN,1990,0.033761656,0.003507409,0.033714794,0,0,0,0,0.014796466,0
Canada,CAN,2000,0,0.006085707,0.006014204,0,0,0,0,0.005382026,0
Canada,CAN,2010,0.001083072,0.03454251,0.016845005,0,0,0,0,0.042035046,0
Cape Verde,CPV,1960,0,0,0,0,0,0,0,0,0
Cape Verde,CPV,1970,0,0,0,0,0,0,0,0,0
Cape Verde,CPV,1980,0,0,0.213324598,0,0,0,0,0,0
Cape Verde,CPV,1990,0,0,0,0,0,0,0,0,0
Cape Verde,CPV,2000,0,0,0,0,0,0,0,0,0
Cape Verde,CPV,2010,0,0,0.006888776,0,0,0,0,0,0
Cayman Islands,CYM,2000,0,0,0,0,0,0,0,0,0
Central African Republic,CAF,1970,0,0,0,0,0,0,0,0,0
Central African Republic,CAF,1980,0,0,0.00179907,0,0,0,0,0,0
Central African Republic,CAF,1990,0,0,0,0,0,0,0,0,0
Central African Republic,CAF,2000,0,0,0,0,0,0,0,0,0
Central African Republic,CAF,2010,0,0,0,0,0,0,0,0,0
Chad,TCD,1960,0,0,0,0,0,0,0,0,1.759833149
Chad,TCD,1970,0,0,0,0,0,0,0,0,0
Chad,TCD,1980,0,0,0.001058952,0,0,0,0,0,0
Chad,TCD,1990,0,0,0,0,0,0,0,0,0
Chad,TCD,2000,0,0,0,0,0,0,0,0.00584507,0
Chad,TCD,2010,0,0,0,0,0,0,0,0.008085798,0
Chile,CHL,1960,0,0,0,0,0,0,1.546179087,0.016593121,0.076739686
Chile,CHL,1970,0,0,0.007166976,0,0,0,0.217197269,0.006168878,0
Chile,CHL,1980,0,0,0,0,0,0,0.848260086,0.088636074,0
Chile,CHL,1990,0.001361525,0.063354225,0,0.001585842,0,0.003964605,0.005876239,0.02836772,0.052861396
Chile,CHL,2000,0.001284341,0.011471703,0,0,0,0,0.006166789,0.03506651,0
Chile,CHL,2010,0.035921605,0.036573854,0,0,0,0.02459833,1.413138505,0.065677042,0
China,CHN,1960,0,0,0,0,0,0,0,0,0.003850005
China,CHN,1970,0,0,0,0,0,0,0.363778095,0,0
China,CHN,1980,0,0.004029703,0.077297473,0,0,0,0.01488057,0.341467892,0.030186487
China,CHN,1990,0.000301579,0,0.253004898,0.008648838,0,0,0.013483877,1.243395499,0.246924992
China,CHN,2000,0.045926374,0,0.123760997,0.000740233,0,0,0.192991716,0.191120413,0.03293977
China,CHN,2010,0.001820123,0,0.06300103,0.002011959,0.00000836,0,0.018512191,0.137542168,0.012403593
Colombia,COL,1960,0,0,0.0000839,0,0,0,0.001030013,0.000775173,0
Colombia,COL,1970,0,0,0,0,0,0,0.010577009,0.192891146,0
Colombia,COL,1980,0,0,0.013466481,0,0,0.286578842,0.107468019,0.001374066,0
Colombia,COL,1990,0,0,0.000058,0.0000813,0,0,0.215800043,0.000281616,0
Colombia,COL,2000,0,0,0,0,0,0,0.000412904,0.000686724,0
Colombia,COL,2010,0,0,0,0.003270447,0,0,0.00010468,0.107237941,0
Comoros,COM,1960,0,0,0,0,0,0,0,0,0
Comoros,COM,1970,0,0,0,0,0,0,0,0,0
Comoros,COM,1980,0,0,1.903293354,0,0,0,0,0,0
Comoros,COM,1990,0,0,0,0,0,0,0,0,0
Comoros,COM,2000,0,0,0,0,0,0,0,0,0
Comoros,COM,2010,0,0,0,0,0,0,0,0.049220181,0
Congo,COG,1960,0,0,0,0,0,0,0,0,0
Congo,COG,1970,0,0,0,0,0,0,0,0,0
Congo,COG,1980,0,0,0,0,0,0,0,0,0
Congo,COG,1990,0,0,0,0,0,0,0,0.000302645,0
Congo,COG,2000,0,0,0,0,0,0,0,0,0
Congo,COG,2010,0,0,0,0,0,0,0,0,0
Costa Rica,CRI,1960,0,0,0,0,0,0.064612715,0,0.046858698,0
Costa Rica,CRI,1970,0,0,0,0,0,0,0.001308116,0.304621053,0
Costa Rica,CRI,1980,0,0,0.130021261,0,0,0,0.01906717,0.019503189,0
Costa Rica,CRI,1990,0,0,0.2432626,0,0,0,0.173101282,0.217632229,0.017761218
Costa Rica,CRI,2000,0,0,0.00997972,0,0,0,0.065049721,0.042834531,0
Costa Rica,CRI,2010,0,0,0.030570406,0,0,0,0.009527509,0,0
Cote d'Ivoire,CIV,1980,0,0,0,0,0,0,0,0,0
Cote d'Ivoire,CIV,1990,0,0,0,0,0,0,0,0,0
Cote d'Ivoire,CIV,2000,0,0,0,0,0,0,0,0,0
Cote d'Ivoire,CIV,2010,0,0,0,0,0,0,0,0,0
Croatia,HRV,1990,0,0,0,0,0,0,0,0,0
Croatia,HRV,2000,0.110937722,0.013971299,0,0,0,0,0,0,0.095147751
Croatia,HRV,2010,0,0,0.029018607,0,0,0,0,0.013351511,0
Cuba,CUB,1960,0,0,0,0,0,0,0,0,0
Cuba,CUB,1970,0,0,0,0,0,0,0,0,0
Cuba,CUB,1980,0,0,0.040565995,0,0,0,0,0.027021014,0
Cuba,CUB,1990,0,0,1.265890546,0,0,0,0,0.063764195,0.069940039
Cuba,CUB,2000,0,0,1.524577761,0,0,0,0,0,0.000821663
Cuba,CUB,2010,0,0,0.340313043,0,0,0,0,0,0
Cyprus,CYP,1960,0,0,0,0,0,0,0,0,0
Cyprus,CYP,1970,0,0,0,0,0,0,0,0,0
Cyprus,CYP,1980,0,0,0,0,0,0,0,0,0
Cyprus,CYP,1990,0,0,0,0,0,0,0.004369216,0,0
Cyprus,CYP,2000,0,0,0.006874116,0,0,0,0,0,0
Czechia,CZE,1990,0,0,0,0,0,0,0,0.310648336,0
Czechia,CZE,2000,0,0,0.012431651,0,0,0,0,0.31215531,0
Czechia,CZE,2010,0,0,0.000132645,0,0,0,0,0.055764711,0
Czechoslovakia,OWID_CZS,1970,0,0,0,0,0,0,0,0,0
Czechoslovakia,OWID_CZS,1980,0,0,0,0,0,0,0,0,0
Democratic Republic of Congo,COD,1960,0,0,0,0,0,0,0.000441242,0,0
Democratic Republic of Congo,COD,1970,0,0,0,0,0,0,0,0,0
Democratic Republic of Congo,COD,1980,0,0,0,0,0,0,0,0,0
Democratic Republic of Congo,COD,1990,0,0,0,0,0,0,0,0,0
Democratic Republic of Congo,COD,2000,0,0,0,0,0,0.010311595,0.003537405,0,0
Democratic Republic of Congo,COD,2010,0,0,0,0,0,0,0,0.004177221,0
Denmark,DNK,1970,0,0,0,0,0,0,0,0,0
Denmark,DNK,1980,0,0,0.040402203,0,0,0,0,0,0
Denmark,DNK,1990,0,0,0.160117186,0,0,0,0,0,0.049157707
Denmark,DNK,2000,0,0,0.052286116,0,0,0,0,0,0
Denmark,DNK,2010,0,0,0,0,0,0,0,0,0
Djibouti,DJI,1970,0,0,0,0,0,0,0,0,0
Djibouti,DJI,1980,0,0,0,0,0,0,0,0.026880401,0
Djibouti,DJI,1990,0,0,0,0,0,0,0,0.043096328,0
Djibouti,DJI,2000,0,0,0,0,0,0,0,0,0
Djibouti,DJI,2010,0,0,0,0,0,0,0,0,0
Dominica,DMA,1960,0,0,0,0,0,0,0,0,0
Dominica,DMA,1970,0,0,8.115561393,0,0,0,0,0,0
Dominica,DMA,1980,0,0,1.263501884,0,0,0,0,0,0
Dominica,DMA,1990,0,0,7.103250092,0,0,0,0,0,0
Dominica,DMA,2000,0,0,0.474637649,0,0,0,0,0,0
Dominica,DMA,2010,0,0,36.93751692,0,0,0,0,0,0
Dominican Republic,DOM,1960,0,0.011259993,0.698323733,0,0,0,0,0,0.046334909
Dominican Republic,DOM,1970,0,0,0.27278679,0,0,0,0,0,0
Dominican Republic,DOM,1980,0,0,0.11018608,0,0,0,0,0,0
Dominican Republic,DOM,1990,0,0,0.914303622,0,0,0,0,0,0
Dominican Republic,DOM,2000,0,0,0.1700605,0,0,0,0,0.031936593,0
Dominican Republic,DOM,2010,0,0,0.017988804,0,0,0,0,0.0000163,0
Ecuador,ECU,1960,0,0,0,0,0,0,0,0.017148702,0
Ecuador,ECU,1970,0,0,0,0,0,0,0.040370831,0.001998131,0
Ecuador,ECU,1980,0,0,0,0,0,0,1.075621044,0.127256949,0
Ecuador,ECU,1990,0,0,0,0.264009431,0,0,0.002774872,0.107282022,0
Ecuador,ECU,2000,0,0,0,0,0,0.036535273,0,0.168112865,0.000271914
Ecuador,ECU,2010,0,0,0,0,0,0,0.200124686,0.001000623,0
Egypt,EGY,1960,0,0,0,0,0,0,0,0,0
Egypt,EGY,1970,0,0,0,0,0,0,0,0.007768899,0
Egypt,EGY,1980,0,0,0,0,0,0,0,0,0
Egypt,EGY,1990,0,0,0.000127492,0,0,0,0.28669734,0.027103492,0
Egypt,EGY,2000,0,0,0,0,0,0,0,0,0
Egypt,EGY,2010,0,0,0.003788138,0,0,0,0,0,0
El Salvador,SLV,1960,0,0,0.015246808,0,0,0,0.398760425,0,0
El Salvador,SLV,1970,0,0,0,0,0,0,0,0,0
El Salvador,SLV,1980,0,0,0,0,0,0,3.991734699,0.82372587,0
El Salvador,SLV,1990,0,0,0.354871649,0,0,0,0,0.001329293,0.156742556
El Salvador,SLV,2000,0,0,0.775479315,0,0,0,1.504982653,0,0.033576777
El Salvador,SLV,2010,0,0,0.010841331,0,0,0,0,0.493004512,0.058479962
Eritrea,ERI,1990,0,0,0.110393272,0,0,0,0,0,0
Eritrea,ERI,2000,0,0,0,0,0,0,0,0,0
Estonia,EST,2000,0,0,0.092209528,0,0,0,0,0,0
Estonia,EST,2010,0,0,0,0,0,0,0,0,0
Eswatini,SWZ,1980,0,0,1.095139761,0,0,0,0,0,0
Eswatini,SWZ,1990,0,0,0,0,0,0,0,0,0.015600567
Eswatini,SWZ,2000,0,0,0,0,0,0,0,0.00028767,0
Eswatini,SWZ,2010,0,0,0,0,0,0,0,0,0
Ethiopia,ETH,1960,0,0,0,0,0,0,0,0,0
Ethiopia,ETH,1970,0,0,0,0,0,0,0,0,0
Ethiopia,ETH,1980,0,0,0,0,0,0,0,0,0
Ethiopia,ETH,1990,0,0,0,0,0,0,0,0.009210515,0.019953378
Ethiopia,ETH,2000,0,0,0,0,0,0,0,0.007093663,0
Ethiopia,ETH,2010,0,0,0,0.00000427,0,0,0,0.000461717,0.216754051
Europe,,1960,0,0,0.000449237,0,0,0,0.036726272,0.055538624,0
Europe,,1970,0.001055631,0,0.003954254,0.0000495,0,0.000171447,0.0327151,0.015365077,0
Europe,,1980,0,0.000905001,0.014378935,0.003195106,0,0,0.055442846,0.021715835,0.011743969
Europe,,1990,0.001656212,0.002910185,0.046312936,0.000792692,0,0.0000152,0.010198762,0.027121887,0.012755401
Europe,,2000,0.010463164,0.004979516,0.019017416,0.000506042,0,0.00000313,0.003218682,0.04478366,0.002316731
Europe,,2010,0.000263676,0.001511248,0.009982376,0,0,0.0000522,0.011085075,0.02280922,0.003733488
Fiji,FJI,1960,0,0,0,0,0,0,0,0.078553058,0
Fiji,FJI,1970,0,0,0.725176723,0,0,0,0,0,0
Fiji,FJI,1980,0,0,1.504792773,0,0,0,0,0.119358692,0.267116068
Fiji,FJI,1990,0,0,0.843702244,0,0,0,0,0,0
Fiji,FJI,2000,0,0,0.278591223,0,0,0,0,0.261801016,0
Fiji,FJI,2010,0,0,1.471179487,0,0,0,0,0.22406777,0
Finland,FIN,1990,0,0,0.000707024,0,0,0,0,0,0
Finland,FIN,2000,0,0,0,0,0,0,0,0,0
France,FRA,1960,0,0,0.001681054,0,0,0,0,0,0
France,FRA,1970,0,0,0,0,0,0,0,0,0
France,FRA,1980,0,0,0.024182068,0,0,0,0,0.015793969,0.015606559
France,FRA,1990,0.006082188,0,0.107824962,0.0000723,0,0,0,0.008640249,0.0000688
France,FRA,2000,0.023906807,0.0000455,0.013116863,0,0,0,0,0.017075214,0
France,FRA,2010,0,0,0.0192773,0,0,0,0,0.02512499,0
French Guiana,GUF,1990,0,0,0,0,0,0,0,0,0
French Guiana,GUF,2000,0,0,0,0,0,0,0,0,0
French Guiana,GUF,2010,0,0,0,0,0,0,0,0,0
French Polynesia,PYF,1960,0,0,0,0,0,0,0,0,0
French Polynesia,PYF,1970,0,0,0,0,0,0,0,0,0
French Polynesia,PYF,1980,0,0,0.276967816,0,0,0,0,0,0
French Polynesia,PYF,1990,0,0,0,0,0,0,0,0,0
French Polynesia,PYF,2000,0,0,0,0,0,0,0,0,0
French Polynesia,PYF,2010,0,0,0,0,0,0,0,0,0
Gabon,GAB,1980,0,0,0,0,0,0,0,0,0
Gabon,GAB,1990,0,0,0,0,0,0,0,0,0
Gabon,GAB,2000,0,0,0,0,0,0,0,0,0
Gabon,GAB,2010,0,0,0,0,0,0,0,0,0
Gambia,GMB,1960,0,0,0,0,0,0,0,0,0.165753646
Gambia,GMB,1970,0,0,0,0,0,0,0,0,0
Gambia,GMB,1980,0,0,0,0,0,0,0,0,0
Gambia,GMB,1990,0,0,0,0,0,0,0,0,0
Gambia,GMB,2000,0,0,0,0,0,0,0,0,0
Gambia,GMB,2010,0,0,0,0,0,0,0,0,0
Georgia,GEO,1990,0,0,0,0,0,0,0,0.092200127,0
Georgia,GEO,2000,0,0,0,0,0,0,1.030706813,0.00420653,0.654134467
Georgia,GEO,2010,0,0,0.055190305,0,0,0,0,0.017200012,0
Germany,DEU,1990,0,0,0.042502889,0.0000284,0,0,0.000234569,0.008409644,0
Germany,DEU,2000,0.007664418,0,0.037528297,0,0,0,0.0000427,0.056907962,0
Germany,DEU,2010,0,0,0.020766023,0,0,0,0,0.040326908,0
Ghana,GHA,1960,0,0,0,0,0,0,0,0.448134528,0
Ghana,GHA,1970,0,0,0,0,0,0,0,0,0.000413718
Ghana,GHA,1980,0,0,0,0,0,0,0,0,0
Ghana,GHA,1990,0,0,0,0,0,0,0,0.046538815,0
Ghana,GHA,2000,0,0,0,0,0,0,0,0,0
Ghana,GHA,2010,0,0,0,0,0,0,0,0.002526374,0
Greece,GRC,1960,0,0,0,0,0,0,0.037340256,0,0
Greece,GRC,1970,0,0,0,0,0,0,0.056471391,0.007739888,0
Greece,GRC,1980,0,0,0.05331079,0,0,0,0.304951075,0,0
Greece,GRC,1990,0,0.04673609,0,0,0,0,0.358409572,0.048714412,0.102154341
Greece,GRC,2000,0.000230532,0.0549454,0.01413598,0,0,0,0,0.029921198,0
Greece,GRC,2010,0,0,0,0,0,0,0.0266899,0.002905589,0
Grenada,GRD,1960,0,0,0,0,0,0,0,0,0
Grenada,GRD,1970,0,0,0,0,0,0,0,0,0
Grenada,GRD,1980,0,0,0.477906056,0,0,0,0,0,0
Grenada,GRD,1990,0,0,0.114105666,0,0,0,0,0,0
Grenada,GRD,2000,0,0,14.83846455,0,0,0,0,0,0
Grenada,GRD,2010,0,0,0,0,0,0,0,0,0
Guadeloupe,GLP,1960,0,0,0,0,0,0,0,0,0
Guadeloupe,GLP,1970,0,0,0,0,0,0,0,0,0
Guadeloupe,GLP,1980,0,0,0,0,0,0,0,0,0
Guadeloupe,GLP,1990,0,0,0,0,0,0,0,0,0
Guadeloupe,GLP,2000,0,0,0,0,0,0,0,0,0
Guadeloupe,GLP,2010,0,0,0,0,0,0,0,0,0
Guam,GUM,1960,0,0,0,0,0,0,0,0,0
Guam,GUM,1970,0,0,0,0,0,0,0,0,0
Guam,GUM,1980,0,0,0,0,0,0,0,0,0
Guam,GUM,1990,0,0,0,0,0,0,0,0,0
Guam,GUM,2000,0,0,0.385613522,0,0,0,0,0,0
Guatemala,GTM,1960,0,0,0.087443167,0,0,0,0,0,0
Guatemala,GTM,1970,0,0,0,0,0,0,2.290793197,0.009730655,0
Guatemala,GTM,1980,0,0,0,0,0,0,0,0.11471837,0
Guatemala,GTM,1990,0,0,0.385975609,0,0,0,0,0.000545899,0.00770224
Guatemala,GTM,2000,0,0,0.369098481,0,0,0,0.0000272,0,0.007606544
Guatemala,GTM,2010,0,0,0.159797693,0.123725339,0,0,0.042721248,0.013207793,0.023386975
Guinea,GIN,1980,0,0,0,0,0,0,0,0,0
Guinea,GIN,1990,0,0,0,0,0,0,0,0,0
Guinea,GIN,2000,0,0,0,0,0,0,0,0,0
Guinea,GIN,2010,0,0,0,0,0,0,0,0,0
Guinea-Bissau,GNB,1960,0,0,0,0,0,0,0,0,0
Guinea-Bissau,GNB,1970,0,0,0,0,0,0,0,0,0
Guinea-Bissau,GNB,1980,0,0,0,0,0,0,0,0,0
Guinea-Bissau,GNB,1990,0,0,0,0,0,0,0,0,0
Guinea-Bissau,GNB,2000,0,0,0,0,0,0,0,0,0
Guinea-Bissau,GNB,2010,0,0,0,0,0,0,0,0,0
Guyana,GUY,1970,0,0,0,0,0,0,0,0.007090941,0
Guyana,GUY,1980,0,0,0,0,0,0,0,0,0
Guyana,GUY,1990,0,0,0,0,0,0,0,0,0.387111582
Guyana,GUY,2000,0,0,0,0,0,0,0,6.34853035,0
Guyana,GUY,2010,0,0,0,0,0,0,0,0,0.042820772
Haiti,HTI,1960,0,0,6.953614832,0,0,0,0,0,0.027176217
Haiti,HTI,1970,0,0,0,0,0,0,0,0.02577957,0
Haiti,HTI,1980,0,0,3.239820492,0,0,0,0,0,0
Haiti,HTI,1990,0,0,0.714380629,0,0,0,0,0,0
Haiti,HTI,2000,0,0,0.156586637,0,0,0,0,0.001637501,0
Haiti,HTI,2010,0,0,1.642659479,0,0,0,6.86013045,0.001457379,0.062562105
High income,,1960,0,0.000404105,0.036993476,0,0,0,0.024342,0.022751991,0.003787528
High income,,1970,0.005317122,0.000476142,0.029582029,0.000222011,0,0.000106406,0.016566768,0.009131117,0.005285135
High income,,1980,0.003695306,0.003112678,0.032383158,0.001270542,0,0.000972398,0.030646565,0.010380034,0.013034253
High income,,1990,0.003964567,0.003411759,0.073952997,0.000457057,0,0.0000221,0.062078651,0.02470275,0.007345299
High income,,2000,0.004335797,0.006089632,0.105480005,0.000183629,0,0.00000114,0.013986234,0.025458776,0.003090046
High income,,2010,0.000829986,0.011044319,0.118738507,0.000177384,0,0.000238893,0.06576452,0.023783107,0.0093732
Honduras,HND,1960,0,0,0.284431116,0,0,0,0,0.009829942,0
Honduras,HND,1970,0,0,5.22314168,0,0,0,0,0.036678797,0.087173106
Honduras,HND,1980,0,0,0.236727802,0,0,0,0,0,0
Honduras,HND,1990,0,0,5.961715826,0,0,0,0,0.504389788,0.021541136
Honduras,HND,2000,0,0,0.13023335,0,0,0,0.06855186,0.158882923,0
Honduras,HND,2010,0,0,0.056820533,0,0,0,0,0.000708628,0
Hong Kong,HKG,1960,0,0,0,0,0,0,0,0.032130514,0
Hong Kong,HKG,1970,0,0,0.004439307,0,0,0,0,0,0
Hong Kong,HKG,1980,0,0,0.004215828,0,0,0,0,0,0
Hong Kong,HKG,1990,0,0,0.038971174,0.0000656,0,0,0,0.008083353,0
Hong Kong,HKG,2000,0,0,0.0000173,0,0,0,0,0,0
Hong Kong,HKG,2010,0,0,0.022139583,0,0,0,0,0,0
Hungary,HUN,1970,0,0,0,0,0,0,0,0,0
Hungary,HUN,1980,0,0,0,0,0,0,0,0,0
Hungary,HUN,1990,0,0,0,0,0,0,0,0.061902316,0.099146447
Hungary,HUN,2000,0,0,0.000865224,0,0,0,0,0.021264019,0.011723054
Hungary,HUN,2010,0,0,0,0,0,0,0,0.033354306,0
Iceland,ISL,1970,0,0,0,0,0,0.213956503,0,0,0
Iceland,ISL,1980,0,0,0,0,0,0,0,0,0
Iceland,ISL,1990,0,0,0,0.008126471,0,0.022218987,0,0,0
Iceland,ISL,2000,0,0,0,0,0,0,0.026590852,0,0
Iceland,ISL,2010,0,0,0,0,0,0,0,0,0
India,IND,1960,0,0,0.00234092,0,0,0,0.0000798,0.01813874,0.016791242
India,IND,1970,0,0,0.092607174,0,0,0,0,0.186064585,0.027065796
India,IND,1980,0.006193229,0.0000943,0.077265993,0,0,0,0.002611558,0.170536514,0
India,IND,1990,0,0,0.210349871,0.000124902,0,0,0.01317986,0.324314973,0.013805145
India,IND,2000,0.006582206,0,0.003176298,0.000609472,0,0,0.080645707,0.203688736,0.030239559
India,IND,2010,0,0,0.064894118,0,0,0,0.000973127,0.184981162,0.018333734
Indonesia,IDN,1960,0,0,0,0,0,0.000239882,0,0.011066259,0
Indonesia,IDN,1970,0,0,0,0,0,0,0.063212222,0.000622566,0.063883517
Indonesia,IDN,1980,0,0,0,0.0000361,0.000131701,0.039360978,0.002033436,0.010966033,0
Indonesia,IDN,1990,0,0.508265002,0,0.000421786,0,0.000839462,0.040835222,0.031486646,0.004078814
Indonesia,IDN,2000,0,0.000384013,0,0.005452581,0,0,0.327265731,0.053219558,0.0000426
Indonesia,IDN,2010,0,0.011616372,0.0000109,0.000396276,0,0.004486586,0.025148553,0.060265005,0
Iran,IRN,1960,0,0,0,0,0,0,0.153294118,0,0
Iran,IRN,1970,0,0,0,0,0,0,0.014282163,0,0
Iran,IRN,1980,0,0,0,0,0,0,0.101276372,0.08844517,0
Iran,IRN,1990,0,0,0.003457791,0,0,0,0.677848615,0.25079797,0.289860164
Iran,IRN,2000,0,0,0.0000126,0,0,0,0.071100064,0.014915244,0
Iran,IRN,2010,0,0,0,0,0,0,0.043250023,0.131910928,0
Iraq,IRQ,1960,0,0,0,0,0,0,0,0.010355727,0.006648669
Iraq,IRQ,1970,0,0,0,0,0,0,0,0,0
Iraq,IRQ,1980,0,0,0,0,0,0,0,0,0
Iraq,IRQ,1990,0,0,0,0,0,0,0,0,0
Iraq,IRQ,2000,0,0,0,0,0,0,0,0.00019957,0
Iraq,IRQ,2010,0,0,0,0,0,0,0,0,0
Ireland,IRL,1980,0,0,0,0,0,0,0,0,0
Ireland,IRL,1990,0,0,0.033375651,0,0,0,0,0.007248354,0
Ireland,IRL,2000,0,0,0.010012893,0,0,0,0,0,0
Ireland,IRL,2010,0,0,0,0,0,0,0,0.013675861,0
Israel,ISR,1960,0,0,0,0,0,0,0,0,0
Israel,ISR,1970,0,0,0,0,0,0,0,0,0
Israel,ISR,1980,0,0,0,0,0,0,0,0,0
Israel,ISR,1990,0,0.004467166,0,0,0,0,0,0.003478957,0.006389831
Israel,ISR,2000,0,0,0.000207227,0,0,0,0,0,0
Israel,ISR,2010,0,0.027858997,0,0,0,0,0,0,0
Italy,ITA,1960,0,0,0,0,0,0,0.028427753,0.271536695,0
Italy,ITA,1970,0,0,0.027665614,0,0,0,0.184190876,0.031191828,0
Italy,ITA,1980,0,0,0.014939563,0.024140073,0,0,0.419892185,0.001512807,0
Italy,ITA,1990,0,0.01341833,0.006038081,0.000269984,0,0,0.040668799,0.090131206,0.006441846
Italy,ITA,2000,0.027951593,0.000524817,0.001499559,0,0,0.0000266,0.025174152,0.082682281,0
Italy,ITA,2010,0.000635342,0,0.016359414,0,0,0.000549945,0.104583551,0.012633202,0.017454729
Jamaica,JAM,1960,0,0,0.139411309,0,0,0,0,0,0.004613043
Jamaica,JAM,1970,0,0,0.008919588,0,0,0,0,0,0
Jamaica,JAM,1980,0,0,2.875736039,0,0,0,0,0.371366126,0
Jamaica,JAM,1990,0,0,0.005891407,0,0,0,0,0.093280612,0
Jamaica,JAM,2000,0,0,1.254394647,0,0,0,0,0.020578211,0.006662917
Jamaica,JAM,2010,0,0,0.124631346,0,0,0,0,0,0
Japan,JPN,1960,0,0,0.000747908,0,0,0,0.138393807,0.011511261,0
Japan,JPN,1970,0,0,0.031670761,0,0,0.000304958,0.008649573,0.000848746,0
Japan,JPN,1980,0,0,0.013162175,0,0,0,0.003689899,0.000282058,0
Japan,JPN,1990,0,0,0.064366108,0.000471471,0,0.0000279,0.186911976,0.005797315,0
Japan,JPN,2000,0,0,0.050912672,0,0,0,0.093442825,0.019287908,0
Japan,JPN,2010,0,0,0.108373842,0.0000783,0,0,0.390968504,0.026259245,0
Jordan,JOR,1960,0,0,0,0,0,0,0,0.037945378,0
Jordan,JOR,1970,0,0,0,0,0,0,0,0,0
Jordan,JOR,1980,0,0,0,0,0,0,0,0,0
Jordan,JOR,1990,0.75310717,0,0,0,0,0,0,0.001380036,0
Jordan,JOR,2000,0,0,0,0,0,0,0,0,0
Jordan,JOR,2010,0,0,0,0,0,0,0,0,0
Kazakhstan,KAZ,1960,0,0,0,0,0,0,0,0,0
Kazakhstan,KAZ,1970,0,0,0,0,0,0,0,0,0
Kazakhstan,KAZ,1980,0,0,0,0,0,0,0,0,0
Kazakhstan,KAZ,1990,0,0,0.001472443,0,0,0,0,0.01560579,0
Kazakhstan,KAZ,2000,0,0,0,0,0,0,0,0.011903391,0
Kazakhstan,KAZ,2010,0,0,0,0,0,0,0,0.006101137,0
Kenya,KEN,1960,0,0,0,0,0,0,0,0.000369468,0
Kenya,KEN,1970,0,0,0,0,0,0,0,0.022250016,0.008434589
Kenya,KEN,1980,0,0,0,0,0,0,0,0,0
Kenya,KEN,1990,0,0,0,0,0,0,0,0.008996801,0
Kenya,KEN,2000,0,0,0,0,0,0,0.062129795,0.000296101,0
Kenya,KEN,2010,0,0,0,0,0,0,0,0.066243265,0
Kiribati,KIR,1970,0,0,0,0,0,0,0,0,0
Kiribati,KIR,1980,0,0,0,0,0,0,0,0,0
Kiribati,KIR,1990,0,0,0,0,0,0,0,0,0
Kiribati,KIR,2000,0,0,0,0,0,0,0,0,0
Kiribati,KIR,2010,0,0,0,0,0,0,0,0,0
Kuwait,KWT,1990,0,0,0,0,0,0,0,0,0
Kuwait,KWT,2000,0,0,0,0,0,0,0,0,0
Kuwait,KWT,2010,0,0,0,0,0,0,0,0,0
Kyrgyzstan,KGZ,1990,0,0,0,0.214157348,0,0,0.706308366,0.014581123,0
Kyrgyzstan,KGZ,2000,0,0,0,0.009342051,0,0,0,0.011337879,0
Kyrgyzstan,KGZ,2010,0,0,0,0,0,0,0.017968972,0,0
Laos,LAO,1960,0,0,0,0,0,0,0,0,0
Laos,LAO,1970,0,0,0,0,0,0,0,0,0
Laos,LAO,1980,0,0,0,0,0,0,0,0,0
Laos,LAO,1990,0,0,2.309486853,0,0,0,0,0.193543763,0.009726794
Laos,LAO,2000,0,0,0.171440855,0,0,0,0,0.005776347,0
Laos,LAO,2010,0,0,0.125321754,0,0,0,0,0.108301797,0
Latvia,LVA,1990,0,0,0.000664416,0,0,0,0,0,0
Latvia,LVA,2000,0,0,0.191635121,0,0,0,0,0,0
Latvia,LVA,2010,0,0,0,0,0,0,0,0,0
Lebanon,LBN,1960,0,0,0,0,0,0,0,0,0
Lebanon,LBN,1970,0,0,0,0,0,0,0,0,0
Lebanon,LBN,1980,0,0,0,0,0,0,0,0,0
Lebanon,LBN,1990,0,0,0.265248396,0,0,0,0,0,0
Lebanon,LBN,2000,0,0,0,0,0,0,0,0,0
Lebanon,LBN,2010,0,0,0,0,0,0,0,0,0
Lesotho,LSO,1960,0,0,0,0,0,0,0,0,0.162747779
Lesotho,LSO,1970,0,0,0,0,0,0,0,0,0
Lesotho,LSO,1980,0,0,0,0,0,0,0,0,0
Lesotho,LSO,1990,0,0,0,0,0,0,0,0,0
Lesotho,LSO,2000,0,0,0,0,0,0,0,0,0
Lesotho,LSO,2010,0,0,0,0,0,0,0,0,0
Liberia,LBR,1980,0,0,0,0,0,0,0,0,0
Liberia,LBR,1990,0,0,0,0,0,0,0,0,0
Liberia,LBR,2000,0,0,0,0,0,0,0,0,0
Liberia,LBR,2010,0,0,0,0,0,0,0,0,0
Libya,LBY,1960,0,0,0,0,0,0,0,0,0
Libya,LBY,1970,0,0,0,0,0,0,0,0,0
Libya,LBY,1980,0,0,0,0,0,0,0,0,0
Libya,LBY,1990,0,0,0,0,0,0,0,0.016520431,0
Libya,LBY,2000,0,0,0,0,0,0,0,0,0
Libya,LBY,2010,0,0,0,0,0,0,0,0.001362995,0
Lithuania,LTU,1990,0,0,0.000455723,0,0,0,0,0,0
Lithuania,LTU,2000,0,0,0.011495276,0,0,0,0,0,0.074733692
Lithuania,LTU,2010,0,0,0,0,0,0,0,0,0
Low income,,1960,0,0,0.155392446,0,0,0,0.001342806,0.111891552,0.042977246
Low income,,1970,0,0,0.083056295,0,0,0,0,0.043687632,0.025233533
Low income,,1980,0,0,0.196189649,0,0,0,0.004428867,0.03071022,0
Low income,,1990,0.004882947,0,0.046478772,0.019373781,0,0,0.011382014,2.206975391,0.006983137
Low income,,2000,0.027942055,0,0.532715939,0.003072983,0,0.000728448,0.007609092,0.119437303,0.0047318
Low income,,2010,0,0,0.113319275,0.001377104,0,0,0.229970819,0.029122833,0.036763064
Lower middle income,,1960,0,0,0.037552979,0,0,0.001238421,0.019008979,0.047060681,0.016325911
Lower middle income,,1970,0,0.000233049,0.09410867,0,0,0.00014617,0.053420281,0.160657767,0.02128642
Lower middle income,,1980,0.001981877,0.0000297,0.061083634,0,0,0,0.115137569,0.108126724,0.014872751
Lower middle income,,1990,0,0.016521589,0.179764128,0.005090148,0,0.003738075,0.024116694,0.200390972,0.020735525
Lower middle income,,2000,0.003208363,0,0.049277732,0.000282785,0,0.0000353,0.110434283,0.116399915,0.014308278
Lower middle income,,2010,0.0000312,0,0.066937499,0.000410152,0,0.00000541,0.010713888,0.129440363,0.024272248
Luxembourg,LUX,1980,0,0,0,0,0,0,0,0,0
Luxembourg,LUX,1990,0,0,0.284315487,0,0,0,0,0.006065421,0
Luxembourg,LUX,2000,0,0,0,0,0,0,0,0,0
Luxembourg,LUX,2010,0,0,0.005825701,0,0,0,0,0,0
Macao,MAC,1990,0,0,0,0,0,0,0,0,0
Macao,MAC,2000,0,0,0,0,0,0,0,0,0
Macao,MAC,2010,0,0,0.281429058,0,0,0,0,0,0
Madagascar,MDG,1960,0,0,0.077379336,0,0,0,0,0,0
Madagascar,MDG,1970,0,0,1.865370835,0,0,0,0,0,0
Madagascar,MDG,1980,0,0,2.086135352,0,0,0,0,0,0
Madagascar,MDG,1990,0,0,0.146248202,0,0,0,0,0,0
Madagascar,MDG,2000,0,0,0.856069262,0,0,0,0,0.235386473,0
Madagascar,MDG,2010,0,0,0.179906079,0,0,0,0,0,0
Malawi,MWI,1960,0,0,0,0,0,0,0,0.026055372,0
Malawi,MWI,1970,0,0,0,0,0,0,0,0,0
Malawi,MWI,1980,0,0,0,0,0,0,0.176076755,0,0
Malawi,MWI,1990,0,0,0,0,0,0,0,0.109423766,0
Malawi,MWI,2000,0,0,0,0,0,0,0,0.044768419,0
Malawi,MWI,2010,0,0,0,0,0,0,0,0.611936274,0
Malaysia,MYS,1960,0,0,0,0,0,0,0,0.083659862,0
Malaysia,MYS,1970,0,0,0,0,0,0,0,0.095751458,0
Malaysia,MYS,1980,0,0,0,0,0,0,0,0.004146451,0
Malaysia,MYS,1990,0,0.030275633,0.005255912,0,0,0,0,0,0
Malaysia,MYS,2000,0,0,0,0,0,0,0.040080482,0.052273921,0
Malaysia,MYS,2010,0,0,0,0,0,0,6.64e-8,0.012844362,0
Maldives,MDV,1980,0,0,0,0,0,0,0,0.424721689,0
Maldives,MDV,1990,0,0,1.227153005,0,0,0,0,0,0
Maldives,MDV,2000,0,0,0,0,0,0,3.831828105,0,0
Maldives,MDV,2010,0,0,0,0,0,0,0,0,0
Mali,MLI,1960,0,0,0,0,0,0,0,0,0
Mali,MLI,1970,0,0,0,0,0,0,0,0,0
Mali,MLI,1980,0,0,0,0,0,0,0,0,0
Mali,MLI,1990,0,0,0,0,0,0,0,0,0
Mali,MLI,2000,0,0,0,0,0,0,0,0,0
Mali,MLI,2010,0,0,0,0,0,0,0,0,0
Marshall Islands,MHL,1990,0,0,0,0,0,0,0,0,0
Marshall Islands,MHL,2000,0,0,0,0,0,0,0,0,0
Marshall Islands,MHL,2010,0,0,0,0,0,0,0,0,0.266573384
Martinique,MTQ,1960,0,0,0,0,0,0,0,0,0
Martinique,MTQ,1970,0,0,0,0,0,0,0,0,0
Martinique,MTQ,1980,0,0,0,0,0,0,0,0,0
Martinique,MTQ,1990,0,0,0,0,0,0,0,0,0
Martinique,MTQ,2000,0,0,0,0,0,0,0,0,0
Martinique,MTQ,2010,0,0,0,0,0,0,0,0,0
Mauritania,MRT,1960,0,0,0,0,0,0,0,0,1.152299655
Mauritania,MRT,1970,0,0,0,0,0,0,0,0,0.316915898
Mauritania,MRT,1980,0,0,0,0,0,0,0,0,0
Mauritania,MRT,1990,0,0,0,0,0,0,0,0,0
Mauritania,MRT,2000,0,0,0,0,0,0,0,0,0
Mauritania,MRT,2010,0,0,0,0,0,0,0,0.002768908,0
Mauritius,MUS,1960,0,0,0,0,0,0,0,0,0
Mauritius,MUS,1970,0,0,1.444918194,0,0,0,0,0,0
Mauritius,MUS,1980,0,0,0.284008427,0,0,0,0,0,0
Mauritius,MUS,1990,0,0,0.380536215,0,0,0,0,0,0.402881377
Mauritius,MUS,2000,0,0,0.103277827,0,0,0,0,0,0
Mauritius,MUS,2010,0,0,0,0,0,0,0,0.001648851,0
Mexico,MEX,1960,0,0,0.079145529,0,0,0,0.002311463,0.003851257,0
Mexico,MEX,1970,0,0,0.011232677,0,0,0,0.002229472,0.020460457,0
Mexico,MEX,1980,0.000033,0.003757887,0.02392923,0,0,0.006337719,0.210468099,0.010448741,0
Mexico,MEX,1990,0.002227759,0.000151946,0.113261941,0,0,0,0.007110124,0.022619246,0.033642012
Mexico,MEX,2000,0,0,0.114556186,0,0,0,0.001594601,0.028544169,0.002719834
Mexico,MEX,2010,0.004235529,0,0.14277355,0,0,0,0.085154888,0.000383063,0
Micronesia,,1980,0,0,0,0,0,0,0,0,0
Micronesia,,1990,0,0,0,0,0,0,0,0,0
Micronesia,,2000,0,0,0,0,0,0,0,0,0
Micronesia,,2010,0,0,0,0,0,0,0,0,0
Moldova,MDA,1990,0,0,0,0,0,0,0,0.293221634,0
Moldova,MDA,2000,0,0,0.24525985,0,0,0,0,0.030947311,0.922477896
Moldova,MDA,2010,0,0,0,0,0,0,0,0,0
Mongolia,MNG,1960,0,0,0,0,0,0,0,0,0
Mongolia,MNG,1970,0,0,0,0,0,0,0,0,0
Mongolia,MNG,1980,0,0,0,0,0,0,0,0,0
Mongolia,MNG,1990,0,13.15731978,0.130140275,0,0,0,0,0,0
Mongolia,MNG,2000,0.135257469,0,0.703670268,0,0,0,0,0.001897542,0
Mongolia,MNG,2010,0,0,0,0,0,0,0,0,0
Montenegro,MNE,2000,0,0,0,0,0,0,0,0,0
Montenegro,MNE,2010,0,0,0,0,0,0,0,0,0
Montserrat,MSR,1960,0,0,0,0,0,0,0,0,0
Montserrat,MSR,1970,0,0,0,0,0,0,0,0,0
Montserrat,MSR,1980,0,0,0,0,0,0,0,0,0
Montserrat,MSR,1990,0,0,0,0,0,0,0,0,0
Montserrat,MSR,2000,0,0,0,0,0,0,0,0,0
Morocco,MAR,1960,0,0,0,0,0,0,0.589058036,0.01695878,0
Morocco,MAR,1970,0,0,0,0,0,0,0,0.075827881,0.000229535
Morocco,MAR,1980,0,0,0,0,0,0,0,0,0
Morocco,MAR,1990,0,0,0,0,0,0,0,0.015048754,0.216179718
Morocco,MAR,2000,0.000208198,0,0.00000802,0,0,0,0.067084806,0.047909563,0
Morocco,MAR,2010,0,0,0.027252659,0,0,0,0,0.003111029,0
Mozambique,MOZ,1960,0,0,0,0,0,0,0,0,0
Mozambique,MOZ,1970,0,0,0,0,0,0,0,0,0
Mozambique,MOZ,1980,0,0,0,0,0,0,0,0,0
Mozambique,MOZ,1990,0,0,0.03770349,0,0,0,0,0.020748249,0
Mozambique,MOZ,2000,0,0,0.020214224,0,0,0,0,0.971405272,0
Mozambique,MOZ,2010,0,0,1.472448252,0,0,0,0,0.021109055,0
Myanmar,MMR,1960,0,0,0,0,0,0,0,0,0
Myanmar,MMR,1970,0,0,0,0,0,0,0,0,0
Myanmar,MMR,1980,0,0,0,0,0,0,0,0,0
Myanmar,MMR,1990,0,0,0,0,0,0,0,0,0
Myanmar,MMR,2000,0,0,1.257404196,0,0,0,0.564499379,0,0
Myanmar,MMR,2010,0,0,0.011812612,0,0,0,0.002511898,0.020376789,0
Namibia,NAM,1980,0,0,0,0,0,0,0,0,0
Namibia,NAM,1990,0,0,0,0,0,0,0,0,0.181796947
Namibia,NAM,2000,0,0,0,0,0,0,0,0.01061014,0
Namibia,NAM,2010,0,0,0,0,0,0,0,0.009582061,0.106074239
Nepal,NPL,1960,0,0,0,0,0,0,0.011027645,0.00388486,0
Nepal,NPL,1970,0,0,0,0,0,0,0,0.00319793,0.097646828
Nepal,NPL,1980,0,0,0.012628103,0,0,0,1.431113975,0.363764205,0
Nepal,NPL,1990,0,0.018228798,0,0,0,0,0,0.608740119,0
Nepal,NPL,2000,0,0,0,0,0,0,0,0.060488459,0
Nepal,NPL,2010,0.0000569,0,0,0.006598743,0,0,2.123904377,0.271624046,0
Netherlands,NLD,1960,0,0,0,0,0,0,0,0,0
Netherlands,NLD,1970,0,0,0,0,0,0,0,0,0
Netherlands,NLD,1980,0,0,0,0,0,0,0,0,0
Netherlands,NLD,1990,0,0,0.081118024,0,0,0,0,0.014359724,0
Netherlands,NLD,2000,0.001459656,0,0.012850948,0,0,0,0,0,0
Netherlands,NLD,2010,0,0,0.012420731,0,0,0,0,0,0
Netherlands Antilles,ANT,1960,0,0,0,0,0,0,0,0,0
Netherlands Antilles,ANT,1970,0,0,0,0,0,0,0,0,0
Netherlands Antilles,ANT,1980,0,0,0,0,0,0,0,0,0
Netherlands Antilles,ANT,1990,0,0,0,0,0,0,0,0,0
New Caledonia,NCL,1960,0,0,0.114021257,0,0,0,0,0,0
New Caledonia,NCL,1970,0,0,0,0,0,0,0,0,0
New Caledonia,NCL,1980,0,0,0.00205642,0,0,0,0,0,0
New Caledonia,NCL,1990,0,0,0,0,0,0,0,0,0
New Caledonia,NCL,2000,0,0,0,0,0,0,0,0,0
New Zealand,NZL,1960,0,0,0.0000747,0,0,0,0.005151915,0,0
New Zealand,NZL,1970,0,0,0,0.001189509,0,0,0,0,0
New Zealand,NZL,1980,0,0,0.006315578,0,0,0,0.05201064,0.015700665,0
New Zealand,NZL,1990,0,0,0.012892525,0,0,0,0,0.013338747,0.024009702
New Zealand,NZL,2000,0.037124744,0,0.005061298,0,0,0,0,0.03038942,0
New Zealand,NZL,2010,0,0,0.002530481,0,0,0,1.722237946,0.021151151,0.043109996
Nicaragua,NIC,1960,0,0,0,0,0,0,0.028739762,0.021554822,0
Nicaragua,NIC,1970,0,0,0.004597304,0,0,0.024196336,9.593084187,0,0
Nicaragua,NIC,1980,0,0,2.964512094,0,0,0,0,0,0
Nicaragua,NIC,1990,0,0.537344025,2.154280075,0,0,0.001743763,0.139446676,0.001029714,0.045972446
Nicaragua,NIC,2000,0,0,0.005750723,0,0,0,0,0.0000957,0
Nicaragua,NIC,2010,0,0,0,0,0,0,0.00252516,0,0
Niger,NER,1960,0,0,0,0,0,0,0,0,0
Niger,NER,1970,0,0,0,0,0,0,0,0.009745288,0
Niger,NER,1980,0,0,0,0,0,0,0,0.044729851,0
Niger,NER,1990,0,0,0,0,0,0,0,0,0
Niger,NER,2000,0,0,0,0,0,0,0,0,0
Niger,NER,2010,0,0,0,0,0,0,0,0.269386257,0
Nigeria,NGA,1970,0,0,0,0,0,0,0,0,0
Nigeria,NGA,1980,0,0,0,0,0,0,0,0.001084807,0.004323028
Nigeria,NGA,1990,0,0,0,0,0,0,0,0.019655341,0
Nigeria,NGA,2000,0,0,0,0,0,0,0,0.001624012,0
Nigeria,NGA,2010,0,0,0.000022,0,0,0,0,0.019355181,0
North America,,1960,0,0.0000123,0.075212166,0,0,0.0000483,0.014691649,0.014672765,0.0000628
North America,,1970,0.011860266,0.00084061,0.043648787,0,0,0.0000154,0.014990373,0.006858649,0.012756435
North America,,1980,0.009568825,0.006723221,0.060307165,0,0,0.002939354,0.020788251,0.00487429,0.00358199
North America,,1990,0.008080573,0.005881304,0.130770019,0,0,0.00000921,0.037686013,0.036983457,0.004908127
North America,,2000,0.000668131,0.00862558,0.231936825,0,0,0,0.003828127,0.012343096,0.00407456
North America,,2010,0.001716202,0.023311217,0.25478286,0.000687946,0,0.000215135,0.009793293,0.02437694,0.021018272
North Korea,PRK,1980,0,0,0,0,0,0,0,0,0
North Korea,PRK,1990,0,0,0,0,0,0,0,0,0
North Korea,PRK,2000,0,0,0,0,0,0,0,0,0
North Korea,PRK,2010,0,0,0,0,0,0,0,0,0
North Macedonia,MKD,1990,0,0,0,0,0,0,0,0.523495466,0
North Macedonia,MKD,2000,0,0.035941301,0,0,0,0,0,0.006334931,0
North Macedonia,MKD,2010,0,0,0,0,0,0,0.00936289,0.133199017,0
Northern Mariana Islands,MNP,2000,0,0,0,0,0,0,0,0,0
Northern Mariana Islands,MNP,2010,0,0,0,0,0,0,0,0,0
Norway,NOR,1960,0,0,0,0,0,0,0,0,0
Norway,NOR,1970,0,0,0,0,0,0,0,0,0
Norway,NOR,1980,0,0,0,0,0,0,0,0,0
Norway,NOR,1990,0,0,0.011100943,0,0,0,0,0.019732947,0
Norway,NOR,2000,0,0,0.0042087,0,0,0,0,0,0
Norway,NOR,2010,0,0,0,0,0,0,0,0,0
Oceania,,1960,0,0.018577025,0.095997834,0,0,0,0.001350978,0.000349388,0.160472618
Oceania,,1970,0,0.002160907,0.252083275,0.00015281,0,0,0.000501671,0.020794272,0
Oceania,,1980,0,0.023793457,0.051067225,0,0,0,0.037285229,0.018344634,0.290616784
Oceania,,1990,0,0.003950078,0.121697564,0,0,0.002801508,0.003354543,0.025278827,0.054572988
Oceania,,2000,0.004561425,0.022141393,0.033371849,0,0,0,0.001244908,0.050705669,0.042304588
Oceania,,2010,0,0.018361307,0.098740462,0,0,0,0.189818438,0.07774274,0.012089072
Oman,OMN,1970,0,0,0,0,0,0,0,0,0
Oman,OMN,1980,0,0,0,0,0,0,0,0,0
Oman,OMN,1990,0,0,0,0,0,0,0,0,0
Oman,OMN,2000,0,0,0.951972677,0,0,0,0,0,0
Oman,OMN,2010,0,0,0.208006953,0,0,0,0,0,0
Pakistan,PAK,1960,0,0,0.007877108,0,0,0,0,0.004711706,0
Pakistan,PAK,1970,0,0,0,0,0,0,0.003657635,1.419779932,0
Pakistan,PAK,1980,0,0,0,0,0,0,0.003467072,0,0
Pakistan,PAK,1990,0,0,0.001736594,0,0,0,0.002441704,0.222203444,0.039222626
Pakistan,PAK,2000,0,0,0.106308979,0,0,0,0.433785684,0.060974529,0
Pakistan,PAK,2010,0.000736615,0,0.004515539,0.001015996,0,0,0.004935927,0.915124836,0
Palau,PLW,2010,0,0,0,0,0,0,0,0,0
Palestine,PSE,2000,0,0,0,0,0,0,0,0,0
Palestine,PSE,2010,0,0,0,0,0,0,0,0,0
Panama,PAN,1960,0,0,0.003865294,0,0,0,0,0.010766198,0
Panama,PAN,1970,0,0,0,0,0,0,0,0.111327132,0
Panama,PAN,1980,0,0,0.101646962,0,0,0,0,0.00051487,0
Panama,PAN,1990,0,0,0.01247739,0,0,0,0,0.007311611,0
Panama,PAN,2000,0,0,0,0,0,0,0,0.009691521,0
Panama,PAN,2010,0,0,0,0,0,0,0,0.000494686,0.054948901
Papua New Guinea,PNG,1960,0,0,0,0,0,0,0,0,0
Papua New Guinea,PNG,1970,0,0,0,0,0,0,0.027109208,0,0
Papua New Guinea,PNG,1980,0,0,0,0,0,0,0.014364313,0.04643916,0
Papua New Guinea,PNG,1990,0,0,0.003015348,0,0,0.19989874,0.01005116,0.129349782,0
Papua New Guinea,PNG,2000,0,0,0,0,0,0,0,0,0
Papua New Guinea,PNG,2010,0,0,0,0,0,0,0.025301219,0.01267864,0.027619819
Paraguay,PRY,1960,0,0,0,0,0,0,0,0.066551299,0
Paraguay,PRY,1970,0,0,0,0,0,0,0,0.000752365,0
Paraguay,PRY,1980,0,0,0,0,0,0,0,0.144537996,0
Paraguay,PRY,1990,0,0,0,0,0,0,0,0.007092174,0
Paraguay,PRY,2000,0,0.016800821,0,0,0,0,0,0.000366798,0
Paraguay,PRY,2010,0,0,0.007068747,0,0,0,0,0.00120133,0
Peru,PER,1960,0,0,0,0,0.608499548,0,0.032496824,0.024176961,0.015574117
Peru,PER,1970,0,0,0,0.015658327,0,0,0.744781965,0.010004877,0
Peru,PER,1980,0,0,0,0.571761887,0,0,0.017565656,0.003558656,0
Peru,PER,1990,0,0,0.002063716,0,0,0,0.000597818,0.011140304,0.083140509
Peru,PER,2000,0,0,0,0,0,0,0.116390519,0,0
Peru,PER,2010,0.004952451,0,0,0,0,0,0,0.15175796,0
Philippines,PHL,1960,0,0,0.182576996,0,0,0.023874105,0.006586224,0,0
Philippines,PHL,1970,0,0,0.69648118,0,0,0.000397133,0.078870938,0.292226992,0
Philippines,PHL,1980,0,0,0.463083499,0,0,0,0.000670537,0.009019473,0
Philippines,PHL,1990,0,0,0.313151268,0.003745058,0,0.046547559,0.08440595,0.119701726,0.014443173
Philippines,PHL,2000,0,0,0.146923272,0.000976813,0,0.000591519,0.000208414,0.007150692,0.0000537
Philippines,PHL,2010,0,0,0.566138159,0.00000374,0,0.000102756,0.004361778,0.093224221,0.002754123
Poland,POL,1960,0,0,0,0,0,0,0,0,0
Poland,POL,1970,0,0,0,0,0,0,0,0,0
Poland,POL,1980,0,0,0,0,0,0,0,0,0
Poland,POL,1990,0,0,0.008256691,0,0,0,0,0.21963127,0
Poland,POL,2000,0,0,0.003275395,0,0,0,0,0.038941534,0
Poland,POL,2010,0,0,0.005341432,0,0,0,0,0.064188865,0
Portugal,PRT,1960,0,0,0,0,0,0,0,0.005226261,0
Portugal,PRT,1970,0,0,0,0,0,0,0,0.012057325,0
Portugal,PRT,1980,0,0.035034914,0,0,0,0,0.001519918,0.034875631,0.034875631
Portugal,PRT,1990,0,0,0.007518485,0.00139296,0,0,0.005808981,0.001060099,0.000854577
Portugal,PRT,2000,0,0.188616136,0,0,0,0,0,0,0.070787738
Portugal,PRT,2010,0,0.040761315,0.016119097,0,0,0,0,0.056751065,0
Puerto Rico,PRI,1960,0,0,0,0,0,0,0,0,0
Puerto Rico,PRI,1970,0,0,0,0,0,0,0,0,0
Puerto Rico,PRI,1980,0,0,0,0,0,0,0,0,0
Puerto Rico,PRI,1990,0,0,0.530109794,0,0,0,0,0.057752676,0.000503897
Puerto Rico,PRI,2000,0,0,0.012449841,0,0,0,0,0.021095705,0
Puerto Rico,PRI,2010,0,0,6.623302567,0,0,0,0,0,0
Qatar,QAT,2010,0,0,0,0,0,0,0,0.00054545,0
Reunion,REU,1960,0,0,0,0,0,0,0,0,0
Reunion,REU,1970,0,0,0,0,0,0,0,0,0
Reunion,REU,1980,0,0,0,0,0,0,0,0,0
Reunion,REU,1990,0,0,0,0,0,0,0,0,0
Reunion,REU,2000,0,0,0,0,0,0,0,0,0
Reunion,REU,2010,0,0,0,0,0,0,0,0,0
Romania,ROU,1960,0,0,0,0,0,0,0,0,0
Romania,ROU,1970,0,0,0,0,0,0,0,0,0
Romania,ROU,1980,0,0,0,0,0,0,0,0,0
Romania,ROU,1990,0,0,0,0,0,0,0,0.102733435,0
Romania,ROU,2000,0,0,0,0,0,0,0,0.193823991,0.134216445
Romania,ROU,2010,0,0,0.000344836,0,0,0,0,0.067405612,0
Russia,RUS,1990,0,0.015749948,0.008682949,0.0000565,0,0,0.001666522,0.021465052,0
Russia,RUS,2000,0.013091976,0,0.000751271,0,0,0,0.004068821,0.02981978,0
Russia,RUS,2010,0.002623088,0.013435526,0.0000274,0,0,0,0,0.010764896,0.014343152
Rwanda,RWA,1970,0,0,0,0,0,0,0,0,0
Rwanda,RWA,1980,0,0,0,0,0,0,0,0,0
Rwanda,RWA,1990,0,0,0,0,0,0,0,0,0
Rwanda,RWA,2000,0,0,0,0,0,0,0,0.0000221,0
Rwanda,RWA,2010,0,0,0,0.029044799,0,0,0,0.045641827,0
Saint Barthelemy,,2010,0,0,0,0,0,0,0,0,0
"Saint Helena, Ascension and Tristan da Cunha",,2000,0,0,0,0,0,0,0,0,0
Saint Kitts and Nevis,KNA,1960,0,0,0,0,0,0,0,0,0
Saint Kitts and Nevis,KNA,1970,0,0,0,0,0,0,0,0,0
Saint Kitts and Nevis,KNA,1980,0,0,2.389380531,0,0,0,0,0.033841372,0
Saint Kitts and Nevis,KNA,1990,0,0,17.73925141,0,0,0,0,0,0
Saint Kitts and Nevis,KNA,2000,0,0,0,0,0,0,0,0,0
Saint Kitts and Nevis,KNA,2010,0,0,0.200612984,0,0,0,0,0,0
Saint Lucia,LCA,1960,0,0,0,0,0,0,0,0,0
Saint Lucia,LCA,1970,0,0,0,0,0,0,0,0,0
Saint Lucia,LCA,1980,0,0,5.288290014,0,0,0,0,0,0
Saint Lucia,LCA,1990,0,0,0,0,0,0,0,0,0
Saint Lucia,LCA,2000,0,0,0.304068795,0,0,0,0,0,0
Saint Lucia,LCA,2010,0,0,0.003363022,0,0,0,0,0,0
Saint Martin (French Part),,2010,0,0,0,0,0,0,0,0,0
Saint Vincent and the Grenadines,VCT,1960,0,0,2.841774194,0,0,0,0,0,0
Saint Vincent and the Grenadines,VCT,1970,0,0,0,0,0,0,0,0,0
Saint Vincent and the Grenadines,VCT,1980,0,0,2.281444219,0,0,0,0,0.284769425,0
Saint Vincent and the Grenadines,VCT,1990,0,0,0,0,0,0,0,0,0
Saint Vincent and the Grenadines,VCT,2000,0,0,0.333944622,0,0,0,0,0,0
Saint Vincent and the Grenadines,VCT,2010,0,0,0.366985446,0,0,0,0,1.581421518,0
Samoa,WSM,1960,0,0,0,0,0,0,0,0,0
Samoa,WSM,1970,0,0,0,0,0,0,0,0,0
Samoa,WSM,1980,0,2.829358225,4.086193319,0,0,0,0,0,0
Samoa,WSM,1990,0,0,38.03676551,0,0,0,0,0,0
Samoa,WSM,2000,0,0,0,0,0,0,2.121407951,0.054927278,0
Samoa,WSM,2010,0,0,1.748735418,0,0,0,0,0,0
Sao Tome and Principe,STP,1980,0,0,0,0,0,0,0,0,0
Saudi Arabia,SAU,1960,0,0,0,0,0,0,0,0,0
Saudi Arabia,SAU,1970,0,0,0,0,0,0,0,0,0
Saudi Arabia,SAU,1980,0,0,0,0,0,0,0,0.04331171,0
Saudi Arabia,SAU,1990,0,0,0,0,0,0,0,0,0
Saudi Arabia,SAU,2000,0,0,0,0,0,0,0,0.02097423,0
Saudi Arabia,SAU,2010,0,0,0.000775271,0,0,0,0,0.004499915,0
Senegal,SEN,1960,0,0,0,0,0,0,0,0.000400992,0.600689923
Senegal,SEN,1970,0,0,0,0,0,0,0,0.006096902,1.045377098
Senegal,SEN,1980,0,0,0,0,0,0,0,0.003939085,0
Senegal,SEN,1990,0,0,0,0,0,0,0,0,0
Senegal,SEN,2000,0,0,0,0,0,0,0,0.058230573,0
Senegal,SEN,2010,0,0,0,0,0,0,0,0.005662235,0
Serbia,SRB,2000,0,0,0,0,0,0,0,0,0
Serbia,SRB,2010,0,0,0,0,0,0,0.031626418,0.459798852,0
Serbia-Montenegro,,1990,0,0,0,0,0,0,0,0,0
Serbia-Montenegro,,2000,0,0,0,0,0,0,0,0,0
Seychelles,SYC,1990,0,0,0,0,0,0,0,0.03019759,0
Seychelles,SYC,2000,0,0,0,0,0,0,0.357432238,0,0
Seychelles,SYC,2010,0,0,0.07002181,0,0,0,0,0,0
Sierra Leone,SLE,1970,0,0,0.05299293,0,0,0,0,0,0
Sierra Leone,SLE,1980,0,0,0,0,0,0,0,0,0
Sierra Leone,SLE,1990,0,0,0,0,0,0,0,0,0
Sierra Leone,SLE,2000,0,0,0,0,0,0,0,0,0
Sierra Leone,SLE,2010,0,0,0,0.080222956,0,0,0,0,0
Sint Maarten (Dutch part),SXM,2010,0,0,20.9798406,0,0,0,0,0,0
Slovakia,SVK,1990,0,0,0,0,0,0,0,0.073932688,0
Slovakia,SVK,2000,0.032039925,0,0.066856188,0,0,0,0,0.002805046,0
Slovakia,SVK,2010,0,0,0,0,0,0,0,0.002768221,0
Slovenia,SVN,1990,0,0,0,0,0,0,0,0,0
Slovenia,SVN,2000,0.026995368,0,0.081655825,0,0,0,0.002905728,0.001380971,0
Slovenia,SVN,2010,0,0,0,0,0,0,0,0.056890811,0
Solomon Islands,SLB,1960,0,0,0,0,0,0,0,0,0
Solomon Islands,SLB,1970,0,0,0,0,0,0,0,0,0
Solomon Islands,SLB,1980,0,0,1.355252918,0,0,0,0,0,0
Solomon Islands,SLB,1990,0,0,0,0,0,0,0,0,0
Solomon Islands,SLB,2000,0,0,0,0,0,0,0,0,0
Solomon Islands,SLB,2010,0,0,0.015301498,0,0,0,0.01556785,0.195270591,0
Somalia,SOM,1960,0,0,0,0,0,0,0,0,0
Somalia,SOM,1970,0,0,0,0,0,0,0,0,0
Somalia,SOM,1980,0,0,0,0,0,0,0,0,0
Somalia,SOM,1990,0,0,0,0,0,0,0,0,0
Somalia,SOM,2000,0,0,0,0,0,0,0,0,0
Somalia,SOM,2010,0,0,0.005138215,0,0,0,0,0.169465413,0
South Africa,ZAF,1960,0,0,0,0,0,0,0.014302406,0.020141536,0
South Africa,ZAF,1970,0,0,0,0,0,0,0,0,0
South Africa,ZAF,1980,0,0,0.018359515,0,0,0,0,0.086520212,0
South Africa,ZAF,1990,0,0,0.047816529,0,0,0,0,0.002542507,0.086541124
South Africa,ZAF,2000,0,0.015727937,0.001722727,0,0,0,0.000775876,0.019729311,0
South Africa,ZAF,2010,0,0.012015311,0.017490696,0,0,0,0,0.023406396,0.046041902
South America,,1960,0,0,0.00000525,0.00000304,0.028182337,0,0.179621909,0.024053017,0.00670675
South America,,1970,0.023313947,0,0.00039247,0.000831164,0,0,0.069795889,0.035501714,0.061449604
South America,,1980,0,0.001774647,0.001018503,0.020425684,0,0.021081987,0.067466682,0.168479077,0.033366208
South America,,1990,0.004340928,0.003833803,0.001481712,0.009995599,0,0.000148702,0.015719118,0.056829984,0.008249886
South America,,2000,0.0000743,0.000935832,0.003067855,0.001203292,0,0.000829556,0.005281862,0.042113124,0.013824925
South America,,2010,0.002507917,0.002441641,0.000349461,0.00071092,0,0.002023758,0.086941856,0.035681219,0.026927869
South Korea,KOR,1960,0,0,0.007793594,0,0,0,0,0.150963945,0
South Korea,KOR,1970,0,0,0.015294197,0.033442043,0,0,0,0.076264617,0
South Korea,KOR,1980,0,0,0.068253791,0.004102133,0,0,0,0.018408309,0
South Korea,KOR,1990,0,0,0.021138596,0.002768256,0,0,0,0.051794333,0
South Korea,KOR,2000,0,0,0.150597619,0,0,0,0,0.007838896,0
South Korea,KOR,2010,0.000846605,0,0.01052205,0,0,0,0.00013999,0.000428405,0
South Sudan,SSD,2000,0,0,0,0,0,0,0,0,0
South Sudan,SSD,2010,0,0,0,0,0,0,0,0,0
Soviet Union,,1960,0,0,0,0,0,0,0,0,0
Soviet Union,,1970,0,0,0,0,0,0,0,0,0
Soviet Union,,1980,0,0,0,0,0,0,0,0,0
Soviet Union,,1990,0,0,0,0,0,0,0,0,0
Spain,ESP,1960,0,0,0,0,0,0,0,0.049570763,0
Spain,ESP,1970,0.021450288,0,0.011797658,0,0,0,0,0.055803909,0
Spain,ESP,1980,0,0,0.058413826,0,0,0,0,0.324877925,0.136431395
Spain,ESP,1990,0.013411779,0.000680022,0.008215043,0.000311241,0,0,0.000693312,0.008973076,0.134285833
Spain,ESP,2000,0.009718473,0.023036248,0.017188985,0,0,0,0,0.006473938,0
Spain,ESP,2010,0,0,0.002393153,0,0,0,0.001352475,0.02281613,0
Sri Lanka,LKA,1960,0,0,0.28478763,0,0,0,0,0.087926088,0
Sri Lanka,LKA,1970,0,0,0.365873667,0,0,0,0,0,0
Sri Lanka,LKA,1980,0,0,0,0,0,0,0,0.056955632,0
Sri Lanka,LKA,1990,0,0,0,0,0,0,0,0.294703256,0
Sri Lanka,LKA,2000,0,0,0,0,0,0,0.637143786,0.018272034,0
Sri Lanka,LKA,2010,0,0,0.047907389,0,0,0,0,0.285910943,0.005577496
Sudan,SDN,1970,0,0,0,0,0,0,0,0.032592399,0
Sudan,SDN,1980,0,0,0,0,0,0,0,0,0
Sudan,SDN,1990,0,0,0,0,0,0,0,0.035779699,0
Sudan,SDN,2000,0,0,0,0,0,0,0,0.17114803,0
Sudan,SDN,2010,0,0,0,0,0,0,0,0.001366778,0
Suriname,SUR,1960,0,0,0,0,0,0,0,0.001925669,0
Suriname,SUR,1970,0,0,0,0,0,0,0,0,0
Suriname,SUR,1980,0,0,0,0,0,0,0,0,0
Suriname,SUR,1990,0,0,0,0,0,0,0,0,0
Suriname,SUR,2000,0,0,0,0,0,0,0,0,0
Sweden,SWE,1970,0,0,0,0.001164406,0,0,0,0.017995371,0
Sweden,SWE,1980,0,0,0,0,0,0,0,0.000508219,0
Sweden,SWE,1990,0,0,0.006219786,0,0,0,0,0,0
Sweden,SWE,2000,0,0,0.07138887,0,0,0,0,0,0
Sweden,SWE,2010,0,0.001836332,0,0,0,0,0,0,0
Switzerland,CHE,1960,0,0,0,0,0,0,0,0,0
Switzerland,CHE,1970,0,0,0,0,0,0,0,0,0
Switzerland,CHE,1980,0,0,0.014790649,0,0,0,0,0,0
Switzerland,CHE,1990,0,0,0.077260197,0.022946536,0,0,0,0.013375618,0
Switzerland,CHE,2000,0.00771216,0,0.020078634,0.017595568,0,0,0,0.05702687,0
Switzerland,CHE,2010,0,0,0.003739557,0,0,0,0,0,0
Syria,SYR,1960,0,0,0,0,0,0,0,0.031640968,0
Syria,SYR,1970,0,0,0,0,0,0,0,0.075587882,0
Syria,SYR,1980,0,0,0,0,0,0,0,0,0
Syria,SYR,1990,0,0,0,0,0,0,0,0,0
Syria,SYR,2000,0,0,0,0,0,0,0,0,0
Syria,SYR,2010,0,0,0,0,0,0,0,0,0
Taiwan,TWN,1960,0,0,0,0,0,0,0,0,0
Taiwan,TWN,1970,0,0,0,0,0,0,0,0,0
Taiwan,TWN,1980,0,0,0,0,0,0,0,0,0
Taiwan,TWN,1990,0,0,0,0,0,0,0,0,0
Taiwan,TWN,2000,0,0,0,0,0,0,0,0,0
Taiwan,TWN,2010,0,0,0,0,0,0,0,0,0
Tajikistan,TJK,1960,0,0,0,0,0,0,0,0,0
Tajikistan,TJK,1970,0,0,0,0,0,0,0,0,0
Tajikistan,TJK,1980,0,0,0,0,0,0,0,0,0
Tajikistan,TJK,1990,0,0,0.001840595,1.017893101,0,0,0,1.94757897,0
Tajikistan,TJK,2000,1.627485175,0,0.002165125,0.269166086,0,0,0.077732454,0.427855968,0.662389321
Tajikistan,TJK,2010,0,0,0,0,0,0,0.008703434,0.364752913,0
Tanzania,TZA,1960,0,0,0,0,0,0,0,0,0
Tanzania,TZA,1970,0,0,0,0,0,0,0,0,0
Tanzania,TZA,1980,0,0,0,0,0,0,0,0,0
Tanzania,TZA,1990,0,0,0,0,0,0,0,0.008901354,0
Tanzania,TZA,2000,0,0,0,0,0,0,0,0,0
Tanzania,TZA,2010,0,0,0,0,0,0,0.092015873,0.000400282,0
Thailand,THA,1960,0,0,0.057420673,0,0,0,0,0.001894215,0
Thailand,THA,1970,0,0,0,0,0,0,0,0.196857405,0
Thailand,THA,1980,0,0,0.066290483,0,0,0,0,0.14511257,0
Thailand,THA,1990,0,0,0.029466736,0,0,0,0,0.181490013,0.000155172
Thailand,THA,2000,0,0,0.001218331,0,0,0,0.057838238,0.039623719,0.022356035
Thailand,THA,2010,0,0,0.000014,0,0,0,0.001522074,1.143173709,0.082263748
Timor,TLS,2000,0,0,0,0,0,0,0,0,0
Timor,TLS,2010,0,0,0,0,0,0,0.025087637,0,0
Togo,TGO,1960,0,0,0.009253422,0,0,0,0,0,0
Togo,TGO,1970,0,0,0,0,0,0,0,0,0.017449721
Togo,TGO,1980,0,0,0,0,0,0,0,0,0
Togo,TGO,1990,0,0,0,0,0,0,0,0,0
Togo,TGO,2000,0,0,0,0,0,0,0,0,0
Togo,TGO,2010,0,0,0,0,0,0,0,0,0
Tonga,TON,1960,0,0,0,0,0,0,0,0,0
Tonga,TON,1970,0,0,0.322208472,0,0,0,0.351500151,0,0
Tonga,TON,1980,0,0,3.592824343,0,0,0,0,0,0
Tonga,TON,1990,0,0,0.220140531,0,0,0,0,0,0
Tonga,TON,2000,0,0,2.832423978,0,0,0,0.304119332,0,0
Tonga,TON,2010,0,0,0.777111807,0,0,0,0,0,0
Trinidad and Tobago,TTO,1960,0,0,0.44232432,0,0,0,0,0,0
Trinidad and Tobago,TTO,1970,0,0,0.024485416,0,0,0,0,0,0
Trinidad and Tobago,TTO,1980,0,0,0,0,0,0,0,0,0
Trinidad and Tobago,TTO,1990,0,0,0.000122069,0,0,0,0.043571076,0.000149909,0
Trinidad and Tobago,TTO,2000,0,0,0.000752996,0,0,0,0,0,0
Trinidad and Tobago,TTO,2010,0,0,0,0,0,0,0,0.001562505,0
Tunisia,TUN,1960,0,0,0,0,0,0,0,0.775251034,0
Tunisia,TUN,1970,0,0,0,0,0,0,0,0.018309737,0
Tunisia,TUN,1980,0,0,0,0,0,0,0,0.110654816,0
Tunisia,TUN,1990,0,0,0,0,0,0,0,0.197549858,0
Tunisia,TUN,2000,0,0,0,0,0,0,0,0,0
Tunisia,TUN,2010,0,0,0,0,0,0,0,0.00905194,0
Turkey,TUR,1960,0,0,0.001968191,0,0,0,0.020575172,0,0
Turkey,TUR,1970,0,0,0,0,0,0,0.044299073,0,0
Turkey,TUR,1980,0,0,0,0,0,0,0.004053291,0.002180572,0
Turkey,TUR,1990,0,0,0,0.00153405,0,0,0.900133966,0.052194349,0
Turkey,TUR,2000,0.0000365,0,0,0,0,0,0.008245437,0.016859016,0
Turkey,TUR,2010,0,0,0.006984899,0,0,0,0.020792524,0,0
Turkmenistan,TKM,1990,0,0,0,0,0,0,0,0.299011976,0
Turkmenistan,TKM,2000,0,0,0,0,0,0,0,0,0
Turks and Caicos Islands,TCA,1980,0,0,0,0,0,0,0,0,0
Turks and Caicos Islands,TCA,1990,0,0,0,0,0,0,0,0,0
Turks and Caicos Islands,TCA,2000,0,0,5.795867685,0,0,0,0,0,0
Turks and Caicos Islands,TCA,2010,0,0,4.890621256,0,0,0,0,0,0
Tuvalu,TUV,1970,0,0,0,0,0,0,0,0,0
Tuvalu,TUV,1980,0,0,0,0,0,0,0,0,0
Tuvalu,TUV,1990,0,0,0,0,0,0,0,0,0
Tuvalu,TUV,2000,0,0,0,0,0,0,0,0,0
Tuvalu,TUV,2010,0,0,0,0,0,0,0,0,0
Uganda,UGA,1960,0,0,0,0,0,0,0.016202723,0,0.002066869
Uganda,UGA,1970,0,0,0,0,0,0,0,0,0
Uganda,UGA,1980,0,0,0,0,0,0,0,0,0
Uganda,UGA,1990,0,0,0,0,0,0,0.175419672,0.001595066,0.002429833
Uganda,UGA,2000,0,0,0,0,0,0,0,0.0000597,0
Uganda,UGA,2010,0,0,0,0,0,0,0,0.00200522,0
Ukraine,UKR,1990,0,0,0.007002149,0,0,0,0,0.040119151,0
Ukraine,UKR,2000,0.027189804,0,0.045399212,0,0,0,0,0.061778361,0
Ukraine,UKR,2010,0,0,0,0,0,0,0,0.001285293,0.096142359
United Arab Emirates,ARE,2010,0,0,0,0,0,0,0,0,0
United Kingdom,GBR,1960,0,0,0.000231997,0,0,0,0,0,0
United Kingdom,GBR,1970,0,0,0,0,0,0,0,0.000038,0
United Kingdom,GBR,1980,0,0,0.022768147,0,0,0,0,0,0
United Kingdom,GBR,1990,0,0,0.067524847,0,0,0,0,0.008646877,0
United Kingdom,GBR,2000,0,0,0.017936333,0,0,0,0.000193961,0.065575549,0
United Kingdom,GBR,2010,0,0,0.004419905,0,0,0,0,0.022411497,0
United States,USA,1960,0,0,0.06300003,0,0,0,0.015494817,0.015878792,0
United States,USA,1970,0.013449705,0.000931706,0.043388746,0,0,0,0.004800683,0.005625534,0
United States,USA,1980,0.01082086,0,0.057552117,0,0,0.003009824,0.01051859,0.002671398,0
United States,USA,1990,0.005822504,0.006207982,0.115634894,0,0,0,0.041679121,0.037687459,0.003310051
United States,USA,2000,0.000761304,0.009275506,0.239090466,0,0,0,0.002221935,0.011150935,0.004297961
United States,USA,2010,0.00154551,0.023282264,0.231346741,0.000448052,0,0.000242578,0.0005117,0.022533571,0.023952337
United States Virgin Islands,VIR,1980,0,0,0,0,0,0,0,0,0
United States Virgin Islands,VIR,1990,0,0,0,0,0,0,0,0,0
United States Virgin Islands,VIR,2000,0,0,0,0,0,0,0,0,0
United States Virgin Islands,VIR,2010,0,0,0,0,0,0,0,0,0
Upper middle income,,1960,0,0.0000409,0.043944739,0.000001,0.010763864,0.000177277,0.012807451,0.010354142,0.001698804
Upper middle income,,1970,0.00735078,0,0.003342286,0.000293147,0,0,0.097470755,0.019448733,0.023546259
Upper middle income,,1980,0.00000271,0.001776763,0.027035621,0.006526825,0.00000577,0.008965793,0.045297274,0.118181159,0.008392727
Upper middle income,,1990,0.003245633,0.023265521,0.079779501,0.003848196,0,0.0000324,0.097745304,0.301730009,0.059442833
Upper middle income,,2000,0.017474646,0.000465286,0.070202683,0.000775617,0,0.000197211,0.089821483,0.083000109,0.016398668
Upper middle income,,2010,0.001522049,0.001950838,0.045814046,0.001306445,0.00000376,0.000244594,0.017657693,0.101433499,0.014339357
Uruguay,URY,1960,0,0,0,0,0,0,0,0.244097674,0
Uruguay,URY,1970,0,0,0,0,0,0,0,0,0
Uruguay,URY,1980,0,0,0,0,0,0,0,0,0
Uruguay,URY,1990,0,0,0,0,0,0,0,0.001969595,0.104236396
Uruguay,URY,2000,0,0,0.018373579,0,0,0,0,0.019222084,0
Uruguay,URY,2010,0,0,0,0,0,0,0,0.00052414,0.07750131
Uzbekistan,UZB,1990,0,0,0,0,0,0,0,0,0
Uzbekistan,UZB,2000,0,0,0,0,0,0,0,0,0.036335852
Uzbekistan,UZB,2010,0,0,0,0,0,0,0,0,0
Vanuatu,VUT,1960,0,0,0,0,0,0,0,0,0
Vanuatu,VUT,1970,0,0,0,0,0,0,0,0,0
Vanuatu,VUT,1980,0,0,15.00079447,0,0,0,0,0,0
Vanuatu,VUT,1990,0,0,0.29926403,0,0,0,0,0,0
Vanuatu,VUT,2000,0,0,0,0,0,0,0,0,0
Vanuatu,VUT,2010,0,0,6.17472757,0,0,0,0,0,0
Venezuela,VEN,1960,0,0,0,0,0,0,0.151351351,0.004460541,0
Venezuela,VEN,1970,0,0,0,0,0,0,0,0,0
Venezuela,VEN,1980,0,0,0,0.000166566,0,0,0.000165586,0,0
Venezuela,VEN,1990,0,0,0.000749188,0,0,0,0.009435772,0.322525049,0
Venezuela,VEN,2000,0,0,0,0,0,0,0,0.003827864,0
Venezuela,VEN,2010,0,0,0,0,0,0,0,0.007268259,0
Vietnam,VNM,1960,0,0,0,0,0,0,0,0,0
Vietnam,VNM,1970,0,0,0,0,0,0,0,0,0
Vietnam,VNM,1980,0,0,0.033368794,0,0,0,0,0,0
Vietnam,VNM,1990,0,0,0.578658298,0.001412218,0,0,0,0.447924642,0.151618441
Vietnam,VNM,2000,0,0,0.392452953,0,0,0,0,0.325938607,0.064346667
Vietnam,VNM,2010,0,0,0.289850477,0,0,0,0,0.109642902,0.349304754
Wallis and Futuna,WLF,1960,0,0,0,0,0,0,0,0,0
Wallis and Futuna,WLF,1970,0,0,0,0,0,0,0,0,0
Wallis and Futuna,WLF,1980,0,0,0,0,0,0,0,0,0
Wallis and Futuna,WLF,1990,0,0,0,0,0,0,0,0,0
Wallis and Futuna,WLF,2000,0,0,0,0,0,0,0,0,0
Wallis and Futuna,WLF,2010,0,0,0,0,0,0,0,0,0
World,OWID_WRL,1960,0,0.000307657,0.035741447,1.25e-7,0.001293912,0.0000915,0.028176221,0.023400368,0.004265625
World,OWID_WRL,1970,0.00513129,0.000383575,0.028830745,0.0002124,0,0.0000904,0.02890618,0.017634138,0.0081248
World,OWID_WRL,1980,0.003032547,0.00289967,0.033374531,0.002047365,5.78e-7,0.00192531,0.043403255,0.028970122,0.01202332
World,OWID_WRL,1990,0.003672154,0.006648974,0.078269679,0.00111531,0,0.000150354,0.065276266,0.07276113,0.01456779
World,OWID_WRL,2000,0.007314971,0.004869949,0.098384688,0.000296809,0,0.0000373,0.033101452,0.03833225,0.005687504
World,OWID_WRL,2010,0.00092347,0.007471741,0.093593649,0.000471734,0.00000103,0.000217905,0.050439158,0.051397158,0.011917554
Yemen,YEM,1990,0,0,0,0,0,0,0,2.094162694,0
Yemen,YEM,2000,0,0,0,0,0,0,0,0.148638924,0
Yemen,YEM,2010,0,0,0.047119688,0,0,0,0,0,0
Yugoslavia,OWID_YGS,1960,0,0,0,0,0,0,0,0,0
Yugoslavia,OWID_YGS,1970,0,0,0,0,0,0,0,0,0
Yugoslavia,OWID_YGS,1980,0,0,0,0,0,0,0,0,0
Yugoslavia,OWID_YGS,1990,0,0,0,0,0,0,0,0,0
Zambia,ZMB,1970,0,0,0,0,0,0,0,0.00071089,0
Zambia,ZMB,1980,0,0,0,0,0,0,0,0,0
Zambia,ZMB,1990,0,0,0,0,0,0,0,0.058512873,0
Zambia,ZMB,2000,0,0,0,0,0,0,0,0,0
Zambia,ZMB,2010,0,0,0,0,0,0,0,0,0
Zimbabwe,ZWE,1970,0,0,0,0,0,0,0,0,0
Zimbabwe,ZWE,1980,0,0,0,0,0,0,0,0,0.001248225
Zimbabwe,ZWE,1990,0,0,0,0,0,0,0,0,0.056922864
Zimbabwe,ZWE,2000,0,0,0.002267595,0,0,0,0,0.46346798,0
Zimbabwe,ZWE,2010,0,0,0.0993935,0,0,0,0,0.010258767,0.26190324